﻿<?xml version="1.0" encoding="utf-8" ?>

<!--
/*****************************************************************************
 * 
 * ReoGrid - .NET Spreadsheet Control
 
 * http://reogrid.net
 *
 * THIS CODE AND INFORMATION IS PROVIDED "AS IS" WITHOUT WARRANTY OF ANY
 * KIND, EITHER EXPRESSED OR IMPLIED, INCLUDING BUT NOT LIMITED TO THE
 * IMPLIED WARRANTIES OF MERCHANTABILITY AND/OR FITNESS FOR A PARTICULAR
 * PURPOSE.
 *
 * ReoGrid Demo project released under MIT license.
 *
 * Copyright (c) 2012-2016 Jing <lujing at unvell.com>
 * Copyright (c) 2012-2016 unvell.com, all rights reserved.
 * 
 ****************************************************************************/
-->

<Demo BaseSite="http://reogrid.net/" DefaultItem="What's new in 2.0">

	<New>
		<Item Name="Welcome"></Item>
		<Item Name="Line Chart"></Item>
		<Item Name="Column Chart"></Item>
		<Item Name="Bar Chart"></Item>
		<Item Name="Pie Chart"></Item>
		<Item Name="Line Chart"></Item>
		<Item Name="Custom Data Formatter"></Item>
	</New>
		
	<Categories>
		<Category Name="Welcome" Expansion="True">
			<Item Name="What's new in 2.0" Class="Welcome.V100WhatsNew"></Item>
		</Category>
			
		<Category Name="Chart" Expansion="True">
			<Item Name="Line Chart" Class="Charts.LineChartDemo">
				<Doc-Url>document/chart/line-chart</Doc-Url>
			</Item>
			
			<Item Name="Column Chart" Class="Charts.ColumnChartDemo">
				<Doc-Url>document/chart/column-chart</Doc-Url>
			</Item>

			<Item Name="Bar Chart" Class="Charts.BarChartDemo">
				<Doc-Url>document/chart/bar-chart</Doc-Url>
			</Item>
			
			<Item Name="Area Chart" Class="Charts.AreaChartDemo">
				<Doc-Url>document/chart/area-chart</Doc-Url>
			</Item>
			
			<Item Name="Pie 2D Chart" Class="Charts.Pie2DChartDemo">
				<Doc-Url>document/chart/pie-chart-2d</Doc-Url>
			</Item>

			<Item Name="Doughnut Chart" Class="Charts.DoughnutChartDemo">
				<Doc-Url>document/chart/doughnut-chart</Doc-Url>
			</Item>
	
		</Category>

		<Category Name="Drawing" Expansion="True">
			<Item Name="Add Drawing Objects" Class="Drawings.AddingObjectDemo" />
			<Item Name="Drawing Object Style" Class="Drawings.DrawingObjectStyleDemo" />
			<!--<Item Name="Basic Shapes" Class="Drawings.BasicShapesDemo" />-->
		</Category>

		<Category Name="Document" Expansion="True">
			<Item Name="Order Report" Class="Documents.OrderDocDemo" />
			<Item Name="Project Summary" Class="Documents.ProjectSummaryDocDemo" />
			<Item Name="Project Build Report" Class="Documents.ProjectBuildReportDemo" />
			<Item Name="Data Format Demo" Class="Documents.DataFormatDocDemo" />
			<Item Name="Month Calendar Sheet (Readonly)" Class="Documents.MonthCalendarDocDemo" />
			<Item Name="Year Calendar Sheet (Readonly)" Class="Documents.YearCalendarDocDemo" />
			<Item Name="Invoice from Excel" Class="Documents.InvoiceExcelDocDemo" />
			<Item Name="Financial Ratios Sheet" Class="Documents.FinancialRatiosDocDemo" />
			<Item Name="Maze" Class="Documents.MazeDocDemo" />
		</Category>
		
		<Category Name="Cell and Range">
			<Item Name="Access Cell Data" Class="CellAndRange.AccessCellDataDemo">
				<Doc-Url>document/cell</Doc-Url>
			</Item>
			
			<Item Name="Access Range Data" Class="CellAndRange.AccessRangeData">
				<Doc-Url>document/range</Doc-Url>
			</Item>
		
			<Item Name="Cell Text" Class="CellAndRange.CellTextDemo">
				<Doc-Url>document/cell</Doc-Url>
			</Item>
						
			<Item Name="Custom Data Formatter" Class="CellAndRange.CustomDataFormatDemo">
				<Doc-Url>document/custom-data-format</Doc-Url>
			</Item>
				
			<Item Name="Merge Cells" Class="CellAndRange.MergeCellsDemo">
				<Doc-Url>document/range</Doc-Url>
			</Item>
			
		</Category>

		<Category Name="Custom Cells" Expansion="True">
			<Item Name="Built-in Types" Class="CustomCells.BuiltInTypesDemo">
				<Doc-Url>document/built-in-cell-types</Doc-Url>
			</Item>

			<Item Name="Custom Dropdown" Class="CustomCells.CustomDropdownDemo">
				<Doc-Url>walkthrough/how-to-create-custom-drop-down-cell</Doc-Url>
			</Item>

			<Item Name="Numeric Progress" Class="CustomCells.NumericProgressDemo">
				<Doc-Url>document/custom-cell</Doc-Url>
			</Item>
			
			<Item Name="Slide Cell" Class="CustomCells.SlideCellDemo">
				<Doc-Url>document/custom-cell</Doc-Url>
			</Item>

			<Item Name="Animation Cell" Class="CustomCells.AnimationCellDemo">
				<Doc-Url>document/custom-cell</Doc-Url>
			</Item>

			<Item Name="Image Checkbox Cell" Class="CustomCells.ImageCheckboxDemo">
				<Doc-Url>document/custom-cell</Doc-Url>
			</Item>
		</Category>

		<Category Name="Features">

			<Item Name="Rich Format Text" Class="Features.RichTextDemo">
				<Doc-Url>document/rich-format-text</Doc-Url>
			</Item>
			
			<Item Name="Selection Control" Class="Features.CustomSelectionDemo">
				<Doc-Url>document/selection</Doc-Url>
			</Item>
			
			<Item Name="Multisheet Demo" Class="Features.MultisheetDemo">
				<Doc-Url>document/workbook</Doc-Url>
			</Item>

			<Item Name="Clipboard Event" Class="Features.ClipboardEventDemo">
				<Doc-Url>document/clipboard</Doc-Url>
			</Item>

			<Item Name="Only Number Input Allowed" Class="Features.OnlyNumberInputDemo">
				<Doc-Url>document/events</Doc-Url>
			</Item>
			
			<Item Name="Set Editable Range" Class="Features.SetEditableRangeDemo">
				<Doc-Url>document/events</Doc-Url>
			</Item>

			<Item Name="Cells Event" Class="Features.CellsEventDemo">
				<Doc-Url>document/events</Doc-Url>
			</Item>

			<Item Name="Column Filter and Sort" Class="Features.ColumnFilterAndSortDemo">
				<Doc-Url>document/column-filter-and-sort</Doc-Url>
			</Item>
			
			<Item Name="Outline" Class="Features.OutlineDemo">
				<Doc-Url>document/group-and-outline</Doc-Url>
			</Item>
			
			<Item Name="Outline with Freeze" Class="Features.OutlineWithFreezeDemo">
				<Doc-Url>document/group-and-outline</Doc-Url>
			</Item>
			
			<Item Name="Pick Range" Class="Features.PickRangeDemo">
				<Doc-Url>document/pick-range</Doc-Url>
			</Item>
			
			<Item Name="Zoom" Class="Features.ZoomDemo">
				<Doc-Url>document/zoom</Doc-Url>
			</Item>
			
			<Item Name="Synchronize Scroll" Class="Features.SynchronizeScrollDemo">
			</Item>
			
			<Item Name="Control Appearance" Class="Features.ControlAppearanceDemo">
				<Doc-Url>document/control-appearance</Doc-Url>
			</Item>
			
		</Category>
		
		<Category Name="Freeze to Edges">
			<Item Name="Top" Class="Features.EdgeFreeze.TopFreezeDemo" >
				<Doc-Url>document/freeze</Doc-Url>
			</Item>

			<Item Name="Bottom" Class="Features.EdgeFreeze.BottomFreezeDemo" >
				<Doc-Url>document/freeze</Doc-Url>
			</Item>

			<Item Name="Left" Class="Features.EdgeFreeze.LeftFreezeDemo" >
				<Doc-Url>document/freeze</Doc-Url>
			</Item>

			<Item Name="Right" Class="Features.EdgeFreeze.RightFreezeDemo" >
				<Doc-Url>document/freeze</Doc-Url>
			</Item>

			<Item Name="Top Left" Class="Features.EdgeFreeze.TopLeftFreezeDemo" >
				<Doc-Url>document/freeze</Doc-Url>
			</Item>

			<Item Name="Top Right" Class="Features.EdgeFreeze.TopRightFreezeDemo" >
				<Doc-Url>document/freeze</Doc-Url>
			</Item>

			<Item Name="Bottom Left" Class="Features.EdgeFreeze.BottomLeftFreezeDemo" >
				<Doc-Url>document/freeze</Doc-Url>
			</Item>

			<Item Name="Bottom Right" Class="Features.EdgeFreeze.BottomRightFreezeDemo" >
				<Doc-Url>document/freeze</Doc-Url>
			</Item>

		</Category>
		
		<Category Name="Style" Expansion="True">
			<Item Name="Border Styles" Class="Styles.BorderStylesDemo" >
				<Doc-Url>document/border</Doc-Url>
			</Item>
			
			<Item Name="Custom Header" Class="Styles.CustomHeaderDemo" >
				<Doc-Url>document/row-and-column</Doc-Url>
			</Item>
			
			<Item Name="Selection Mode" Class="Styles.SelectionModeDemo" >
				<Doc-Url>document/selection</Doc-Url>
			</Item>

			<Item Name="Multi-selection Style" Class="Styles.MultiSelectionDemo" >
				<Doc-Url>document/style</Doc-Url>
			</Item>
		</Category>
		
		<Category Name="Print">
			<Item Name="Print Preview" Class="Print.PrintPreviewDemo" >
				<Doc-Url>document/paging-and-print</Doc-Url>
			</Item>
			<Item Name="Print Multiple Worksheet" Class="Print.PrintMultipleWorksheetDemo">
				<Doc-Url>document/paging-and-print</Doc-Url>
			</Item>
		</Category>
		
		<Category Name="Formula">
			<Item Name="Formula Calculation" Class="Formula.FormulaDemo">
				<Doc-Url>document/formula</Doc-Url>
			</Item>

			<Item Name="Named Range" Class="Formula.NamedRangeReferenceDemo" >
				<Doc-Url>document/named-range</Doc-Url>
			</Item>
			
			<Item Name="Customize Function" Class="Formula.CustomizeFunctionDemo" >
				<Doc-Url>document/customize-function</Doc-Url>
			</Item>
		</Category>

		<Category Name="Performance">
			<Item Name="Cell Update Performance" Class="Performance.UpdateDataFormatDemo" />
			<Item Name="Row Performance" Class="Performance.RowPerformanceDemo" >
				<Doc-Url>performance/</Doc-Url>
			</Item>
			<Item Name="Complex Merged Cell" Class="Performance.ComplexMergedCellDemo" />
			<Item Name="Maximum Rows and Columns" Class="Performance.MaximumSheetDemo" />
		</Category>

		<Category Name="Script Execution">
			<Item Name="Run Script" Class="Scripts.RunScriptDemo" >
				<Doc-Url>document/script-execution</Doc-Url>
			</Item>
			<Item Name="Handle Events" Class="Scripts.HandleEventsDemo" >
				<Doc-Url>document/script-execution</Doc-Url>
			</Item>
			<Item Name="Load Script Document" Class="Scripts.LoadScriptDocDemo" />
			<Item Name="Joke: ReoQuery Script" Class="Scripts.ReoQueryScriptDemo" />
			
		</Category>	
		
	</Categories>
</Demo>
